<?xml version="1.0" encoding="utf-8"?>
<!--
	Parameters of the MNDO method
	============================

	File created by F. Bosia and J. P. Unsleber on Feb 15, 2019,
	based on output by MOPAC2016.

	Description of the parameters, with, in parenthesis,
	corresponding name in MOPAC output

	- uss (USS) one-center energy for s orbital (eV)
	- upp (UPP) one-center energy for p orbital (eV)
	- udd (UDD) one-center energy for d orbital (eV)
	- zs (ZS) orbital exponent for s (bohr-1)
	- zp (ZP) orbital exponent for p (bohr-1)
	- zd (ZD) orbital exponent for d (bohr-1)
	- bs (BETAS) beta parameter for s (eV)
	- bp (BETAP) beta parameter for p (eV)
	- bd (BETAD) beta parameter for d (eV)
	- gss (GSS) one-center Coulomb integral s-s (eV)
	- gpp (GPP) one-center Coulomb integral p-p (eV)
	- gsp (GSP) one-center Coulomb integral s-p (eV)
	- gp2 (GP2) one-center Coulomb integral p-p' (eV)
	- hsp (HSP) one-center exchange integral s-p (eV)
	- zsn (ZSN) internal exponent for s, needed for SC parameters (bohr-1)
	- zpn (ZPN) internal exponent for p, needed for SC parameters (bohr-1)
	- zdn (ZDN) internal exponent for d, needed for SC parameters (bohr-1)
	- pcore (PO9) Klopman-Ohno term for the core-core repulsion, sometimes unequal to pss0
	- f0sd (F0SD) Slater-Condon parameter F0sd (eV)
	- g2sd (G2SD) Slater-Condon parameter G2sd (eV)
	- grepa (FN11) gaussian repulsion parameter a (-)
	- grepb (FN21) gaussian repulsion parameter b (A^-2)
	- grepc (FN31) gaussian repulsion parameter c (A)

The diatomic parameters are not needed for the AM1 method, and the diatomic map is empty:
	- exponent (ALPB) (A^-1)
	- factor (XFAC) (-)

The following is still not understood (alpha not a parameter but given for some elements) or not needed (eHeat, eisol):
	- alpha (ALP) ALPHA PARAMETER FOR CORE (1/A)

The following are not needed anymore as they are calculated during the initialization if needed:
	- charge (CORE) core charge of atom (e)
	- f0dd (F0DD) Slater-Condon parameter F0dd (eV)
	- f2dd (F2DD) Slater-Condon parameter F2dd (eV)
	- f4dd (F4DD) Slater-Condon parameter F4dd (eV)
	- f0pd (F0PD) Slater-Condon parameter F0pd (eV)
	- f2pd (F2PD) Slater-Condon parameter F3pd (eV)
	- g1pd (G1PD) Slater-Condon parameter G1pd (eV)
	- g3pd (G3PD) Slater-Condon parameter G3pd (eV)
	- dsp1 (DD2) Charge separation in multipole, for sp1 (bohr)
	- dpp2 (DD3) Charge separation in multipole, for pp2 (bohr)
	- dsd2 (DD4) Charge separation in multipole, for sd2 (bohr)
	- dpd1 (DD5) Charge separation in multipole, for pd1 (bohr)
	- ddd2 (DD6) Charge separation in multipole, for dd2 (bohr)
	- pss0 (PO1) Klopman-Ohno term for ss0 (bohr)
	- psp1 (PO2) Klopman-Ohno term for sp1 (bohr)
	- ppp2 (PO3) Klopman-Ohno term for pp2 (bohr)
	- psd2 (PO4) Klopman-Ohno term for sd2 (bohr)
	- ppd1 (PO5) Klopman-Ohno term for pd1 (bohr)
	- pdd2 (PO6) Klopman-Ohno term for dd2 (bohr)
	- ppp0 (PO7) Klopman-Ohno term for pp0 (bohr)
	- pdd0 (PO8) Klopman-Ohno term for dd0 (bohr)

 -->
<cereal>
	<value0 size="dynamic">
		<value0>
			<key>1</key>
			<value>
				<uss>-11.906276</uss>
				<upp>0</upp>
				<udd>0</udd>
				<bs>-6.9890639999999999</bs>
				<bp>0</bp>
				<bd>0</bd>
				<gss>12.848000000000001</gss>
				<gpp>0</gpp>
				<gsp>0</gsp>
				<gp2>0</gp2>
				<hsp>0</hsp>
				<zs>1.3319669999999999</zs>
				<zp>0</zp>
				<zd>0</zd>
				<zsn>0</zsn>
				<zpn>0</zpn>
				<zdn>0</zdn>
				<pcore>1.05897351</pcore>
				<f0sd>0</f0sd>
				<g2sd>0</g2sd>
				<alpha>2.5441341</alpha>
				<gaussianRepulsionParameters size="dynamic"/>
			</value>
		</value0>
		<value1>
			<key>10</key>
			<value>
				<uss>9.6554736000000005</uss>
				<upp>-71.146647400000006</upp>
				<udd>0</udd>
				<bs>-0.1512657</bs>
				<bp>-23.8470187</bp>
				<bd>0</bd>
				<gss>0.49893739999999998</gss>
				<gpp>18.944997600000001</gpp>
				<gsp>10.1592044</gsp>
				<gp2>8.5648589000000008</gp2>
				<hsp>0.29999910000000002</hsp>
				<zs>5.9998744999999998</zs>
				<zp>4.1752599999999997</zp>
				<zd>0</zd>
				<zsn>0</zsn>
				<zpn>0</zpn>
				<zdn>0</zdn>
				<pcore>27.269336190000001</pcore>
				<f0sd>0</f0sd>
				<g2sd>0</g2sd>
				<alpha>2.5377255000000001</alpha>
				<gaussianRepulsionParameters size="dynamic">
					<value0>
						<grepa>0.2352109</grepa>
						<grepb>8.8116606999999991</grepb>
						<grepc>1.0927884000000001</grepc>
					</value0>
				</gaussianRepulsionParameters>
			</value>
		</value1>
		<value2>
			<key>11</key>
			<value>
				<uss>-5.1235942000000003</uss>
				<upp>-3.0124713000000001</upp>
				<udd>0</udd>
				<bs>-1.4916657</bs>
				<bp>-0.2208233</bp>
				<bd>0</bd>
				<gss>6.9934519999999996</gss>
				<gpp>6.9285408000000004</gpp>
				<gsp>5.438053</gsp>
				<gp2>2.4299952</gp2>
				<hsp>3.1374230999999999</hsp>
				<zs>0.82131240000000005</zs>
				<zp>1.030327</zp>
				<zd>0</zd>
				<zsn>0</zsn>
				<zpn>0</zpn>
				<zdn>0</zdn>
				<pcore>1.9454901099999999</pcore>
				<f0sd>0</f0sd>
				<g2sd>0</g2sd>
				<alpha>5.9940638000000002</alpha>
				<gaussianRepulsionParameters size="dynamic"/>
			</value>
		</value2>
		<value3>
			<key>12</key>
			<value>
				<uss>-14.8057921</uss>
				<upp>-12.7545494</upp>
				<udd>0</udd>
				<bs>-0.099962599999999999</bs>
				<bp>-7.6952692000000003</bp>
				<bd>0</bd>
				<gss>6.9632774</gss>
				<gpp>10.000034899999999</gpp>
				<gsp>8.2410934000000005</gsp>
				<gp2>9.0593304000000003</gp2>
				<hsp>0.71650630000000004</hsp>
				<zs>0.93948109999999996</zs>
				<zp>1.3103427999999999</zp>
				<zd>0</zd>
				<zsn>0</zsn>
				<zpn>0</zpn>
				<zdn>0</zdn>
				<pcore>1.95392068</pcore>
				<f0sd>0</f0sd>
				<g2sd>0</g2sd>
				<alpha>0.53542009999999995</alpha>
				<gaussianRepulsionParameters size="dynamic"/>
			</value>
		</value3>
		<value4>
			<key>13</key>
			<value>
				<uss>-23.807096999999999</uss>
				<upp>-17.519877999999999</upp>
				<udd>0</udd>
				<bs>-2.6702840000000001</bs>
				<bp>-2.6702840000000001</bp>
				<bd>0</bd>
				<gss>8.0899999999999999</gss>
				<gpp>5.9800000000000004</gpp>
				<gsp>6.6299999999999999</gsp>
				<gp2>5.4000000000000004</gp2>
				<hsp>0.69999999999999996</hsp>
				<zs>1.444161</zs>
				<zp>1.444161</zp>
				<zd>0</zd>
				<zsn>0</zsn>
				<zpn>0</zpn>
				<zdn>0</zdn>
				<pcore>1.6817913099999999</pcore>
				<f0sd>0</f0sd>
				<g2sd>0</g2sd>
				<alpha>1.8688393999999999</alpha>
				<gaussianRepulsionParameters size="dynamic"/>
			</value>
		</value4>
		<value5>
			<key>14</key>
			<value>
				<uss>-37.037533000000003</uss>
				<upp>-27.769677999999999</upp>
				<udd>0</udd>
				<bs>-9.0868040000000008</bs>
				<bp>-1.0758270000000001</bp>
				<bd>0</bd>
				<gss>9.8200000000000003</gss>
				<gpp>7.3099999999999996</gpp>
				<gsp>8.3599999999999994</gsp>
				<gp2>6.54</gp2>
				<hsp>1.3200000000000001</hsp>
				<zs>1.3159860000000001</zs>
				<zp>1.709943</zp>
				<zd>0</zd>
				<zsn>0</zsn>
				<zpn>0</zpn>
				<zdn>0</zdn>
				<pcore>1.38550832</pcore>
				<f0sd>0</f0sd>
				<g2sd>0</g2sd>
				<alpha>2.2053159999999998</alpha>
				<gaussianRepulsionParameters size="dynamic"/>
			</value>
		</value5>
		<value6>
			<key>15</key>
			<value>
				<uss>-56.143360000000001</uss>
				<upp>-42.851080000000003</upp>
				<udd>0</udd>
				<bs>-6.7915999999999999</bs>
				<bp>-6.7915999999999999</bp>
				<bd>0</bd>
				<gss>11.56</gss>
				<gpp>8.6400000000000006</gpp>
				<gsp>10.08</gsp>
				<gp2>7.6799999999999997</gp2>
				<hsp>1.9199999999999999</hsp>
				<zs>2.1087199999999999</zs>
				<zp>1.7858099999999999</zp>
				<zd>0</zd>
				<zsn>0</zsn>
				<zpn>0</zpn>
				<zdn>0</zdn>
				<pcore>1.1769629500000001</pcore>
				<f0sd>0</f0sd>
				<g2sd>0</g2sd>
				<alpha>2.4152800000000001</alpha>
				<gaussianRepulsionParameters size="dynamic"/>
			</value>
		</value6>
		<value7>
			<key>16</key>
			<value>
				<uss>-72.242281000000006</uss>
				<upp>-56.973207000000002</upp>
				<udd>0</udd>
				<bs>-10.761670000000001</bs>
				<bp>-10.108433</bp>
				<bd>0</bd>
				<gss>12.880000000000001</gss>
				<gpp>9.9000000000000004</gpp>
				<gsp>11.26</gsp>
				<gp2>8.8300000000000001</gp2>
				<hsp>2.2599999999999998</hsp>
				<zs>2.3129620000000002</zs>
				<zp>2.0091459999999999</zp>
				<zd>0</zd>
				<zsn>0</zsn>
				<zpn>0</zpn>
				<zdn>0</zdn>
				<pcore>1.0563425200000001</pcore>
				<f0sd>0</f0sd>
				<g2sd>0</g2sd>
				<alpha>2.4780259999999998</alpha>
				<gaussianRepulsionParameters size="dynamic"/>
			</value>
		</value7>
		<value8>
			<key>17</key>
			<value>
				<uss>-100.227166</uss>
				<upp>-77.378666999999993</upp>
				<udd>0</udd>
				<bs>-14.262320000000001</bs>
				<bp>-14.262320000000001</bp>
				<bd>0</bd>
				<gss>15.029999999999999</gss>
				<gpp>11.300000000000001</gpp>
				<gsp>13.16</gsp>
				<gp2>9.9700000000000006</gp2>
				<hsp>2.4199999999999999</hsp>
				<zs>3.7846449999999998</zs>
				<zp>2.0362629999999999</zp>
				<zd>0</zd>
				<zsn>0</zsn>
				<zpn>0</zpn>
				<zdn>0</zdn>
				<pcore>0.90523564000000001</pcore>
				<f0sd>0</f0sd>
				<g2sd>0</g2sd>
				<alpha>2.5422009999999999</alpha>
				<gaussianRepulsionParameters size="dynamic"/>
			</value>
		</value8>
		<value9>
			<key>18</key>
			<value>
				<uss>4.2759913000000003</uss>
				<upp>-75.100410400000001</upp>
				<udd>0</udd>
				<bs>-2.4320045000000001</bs>
				<bp>-22.985693699999999</bp>
				<bd>0</bd>
				<gss>3.2377414</gss>
				<gpp>19.998464599999998</gpp>
				<gsp>16.357396900000001</gsp>
				<gp2>10.9343238</gp2>
				<hsp>0.81691510000000001</hsp>
				<zs>0.98216970000000003</zs>
				<zp>5.9997150000000001</zp>
				<zd>0</zd>
				<zsn>0</zsn>
				<zpn>0</zpn>
				<zdn>0</zdn>
				<pcore>4.2022169199999997</pcore>
				<f0sd>0</f0sd>
				<g2sd>0</g2sd>
				<alpha>2.2113323999999999</alpha>
				<gaussianRepulsionParameters size="dynamic">
					<value0>
						<grepa>-0.73765029999999998</grepa>
						<grepb>3.8882542999999998</grepb>
						<grepc>0.71506650000000005</grepc>
					</value0>
				</gaussianRepulsionParameters>
			</value>
		</value9>
		<value10>
			<key>19</key>
			<value>
				<uss>-3.6401731000000002</uss>
				<upp>-2.0249253</upp>
				<udd>0</udd>
				<bs>-0.1361851</bs>
				<bp>-2.814235</bp>
				<bd>0</bd>
				<gss>3.7939791999999999</gss>
				<gpp>5.0972822999999998</gpp>
				<gsp>6.4170233000000003</gsp>
				<gp2>2.1945567000000001</gp2>
				<hsp>1.578813</hsp>
				<zs>0.72760389999999997</zs>
				<zp>0.98711740000000003</zp>
				<zd>0</zd>
				<zsn>0</zsn>
				<zpn>0</zpn>
				<zdn>0</zdn>
				<pcore>3.58612712</pcore>
				<f0sd>0</f0sd>
				<g2sd>0</g2sd>
				<alpha>0.56164219999999998</alpha>
				<gaussianRepulsionParameters size="dynamic"/>
			</value>
		</value10>
		<value11>
			<key>2</key>
			<value>
				<uss>-35.493116999999998</uss>
				<upp>9.9998433000000002</upp>
				<udd>0</udd>
				<bs>-17.554501999999999</bs>
				<bp>-26.052606399999998</bp>
				<bd>0</bd>
				<gss>8.0590135000000007</gss>
				<gpp>19.384333900000001</gpp>
				<gsp>11.015222899999999</gsp>
				<gp2>11.3517224</gp2>
				<hsp>0.5321205</hsp>
				<zs>1.7710760999999999</zs>
				<zp>6.9018258000000001</zp>
				<zd>0</zd>
				<zsn>0</zsn>
				<zpn>0</zpn>
				<zdn>0</zdn>
				<pcore>1.68825771</pcore>
				<f0sd>0</f0sd>
				<g2sd>0</g2sd>
				<alpha>5.7813930999999998</alpha>
				<gaussianRepulsionParameters size="dynamic">
					<value0>
						<grepa>0.19859760000000001</grepa>
						<grepb>1.0009593000000001</grepb>
						<grepc>0.50315089999999996</grepc>
					</value0>
				</gaussianRepulsionParameters>
			</value>
		</value11>
		<value12>
			<key>20</key>
			<value>
				<uss>-12.391909399999999</uss>
				<upp>-9.9348288999999994</upp>
				<udd>0</udd>
				<bs>-8.6404686999999996</bs>
				<bp>-9.9515712000000001</bp>
				<bd>0</bd>
				<gss>6.5321648999999997</gss>
				<gpp>6.4627058999999996</gpp>
				<gsp>6.5424442000000003</gsp>
				<gp2>6.3842471999999999</gp2>
				<hsp>0.57896760000000003</hsp>
				<zs>1.0034160999999999</zs>
				<zp>1.3102564000000001</zp>
				<zd>0</zd>
				<zsn>0</zsn>
				<zpn>0</zpn>
				<zdn>0</zdn>
				<pcore>2.0828763399999999</pcore>
				<f0sd>0</f0sd>
				<g2sd>0</g2sd>
				<alpha>0.49999969999999999</alpha>
				<gaussianRepulsionParameters size="dynamic"/>
			</value>
		</value12>
		<value13>
			<key>3</key>
			<value>
				<uss>-4.8578570000000001</uss>
				<upp>-2.0266084000000002</upp>
				<udd>0</udd>
				<bs>-0.19041259999999999</bs>
				<bp>-1.6081354999999999</bp>
				<bd>0</bd>
				<gss>7.5947069000000003</gss>
				<gpp>8.6596829</gpp>
				<gsp>6.7259855999999996</gsp>
				<gp2>3.8714751000000001</gp2>
				<hsp>5.0003380999999996</hsp>
				<zs>0.4296141</zs>
				<zp>0.75548839999999995</zp>
				<zd>0</zd>
				<zsn>0</zsn>
				<zpn>0</zpn>
				<zdn>0</zdn>
				<pcore>1.79147028</pcore>
				<f0sd>0</f0sd>
				<g2sd>0</g2sd>
				<alpha>1.2083987</alpha>
				<gaussianRepulsionParameters size="dynamic"/>
			</value>
		</value13>
		<value14>
			<key>30</key>
			<value>
				<uss>-20.839715999999999</uss>
				<upp>-19.625223999999999</upp>
				<udd>0</udd>
				<bs>-1</bs>
				<bp>-2</bp>
				<bd>0</bd>
				<gss>11.800000000000001</gss>
				<gpp>13.300000000000001</gpp>
				<gsp>11.182017999999999</gsp>
				<gp2>12.93052</gp2>
				<hsp>0.48460599999999998</hsp>
				<zs>2.0473590000000002</zs>
				<zp>1.4609460000000001</zp>
				<zd>0</zd>
				<zsn>0</zsn>
				<zpn>0</zpn>
				<zdn>0</zdn>
				<pcore>1.1530247199999999</pcore>
				<f0sd>0</f0sd>
				<g2sd>0</g2sd>
				<alpha>1.5064569999999999</alpha>
				<gaussianRepulsionParameters size="dynamic"/>
			</value>
		</value14>
		<value15>
			<key>31</key>
			<value>
				<uss>-28.304492400000001</uss>
				<upp>-27.206391</upp>
				<udd>0</udd>
				<bs>-3.9987434999999998</bs>
				<bp>-4.3146711</bp>
				<bd>0</bd>
				<gss>7.5468114000000002</gss>
				<gpp>8.4599454000000005</gpp>
				<gsp>10.469761200000001</gsp>
				<gp2>10.425114799999999</gp2>
				<hsp>1.0628013000000001</hsp>
				<zs>0.69863160000000002</zs>
				<zp>1.8386933000000001</zp>
				<zd>0</zd>
				<zsn>0</zsn>
				<zpn>0</zpn>
				<zdn>0</zdn>
				<pcore>1.8028397700000001</pcore>
				<f0sd>0</f0sd>
				<g2sd>0</g2sd>
				<alpha>2.7577991000000002</alpha>
				<gaussianRepulsionParameters size="dynamic">
					<value0>
						<grepa>0.62658860000000005</grepa>
						<grepb>3.0001278999999998</grepb>
						<grepc>1.2564374</grepc>
					</value0>
				</gaussianRepulsionParameters>
			</value>
		</value15>
		<value16>
			<key>32</key>
			<value>
				<uss>-33.949367000000002</uss>
				<upp>-27.425104999999999</upp>
				<udd>0</udd>
				<bs>-4.5164790000000004</bs>
				<bp>-1.755517</bp>
				<bd>0</bd>
				<gss>9.8000000000000007</gss>
				<gpp>7.2999999999999998</gpp>
				<gsp>8.3000000000000007</gsp>
				<gp2>6.5</gp2>
				<hsp>1.3</hsp>
				<zs>1.29318</zs>
				<zp>2.0205639999999998</zp>
				<zd>0</zd>
				<zsn>0</zsn>
				<zpn>0</zpn>
				<zdn>0</zdn>
				<pcore>1.38833589</pcore>
				<f0sd>0</f0sd>
				<g2sd>0</g2sd>
				<alpha>1.9784980000000001</alpha>
				<gaussianRepulsionParameters size="dynamic"/>
			</value>
		</value16>
		<value17>
			<key>33</key>
			<value>
				<uss>-38.624079000000002</uss>
				<upp>-33.499539499999997</upp>
				<udd>0</udd>
				<bs>-3.9998231</bs>
				<bp>-4.9056176000000002</bp>
				<bd>0</bd>
				<gss>6.7464010999999999</gss>
				<gpp>6.9333925000000001</gpp>
				<gsp>5.6174985</gsp>
				<gp2>6.3054797999999996</gp2>
				<hsp>0.59943460000000004</hsp>
				<zs>2.5614338000000001</zs>
				<zp>1.6117315000000001</zp>
				<zd>0</zd>
				<zsn>0</zsn>
				<zpn>0</zpn>
				<zdn>0</zdn>
				<pcore>2.0167332899999999</pcore>
				<f0sd>0</f0sd>
				<g2sd>0</g2sd>
				<alpha>1.9381219000000001</alpha>
				<gaussianRepulsionParameters size="dynamic">
					<value0>
						<grepa>-0.2025391</grepa>
						<grepb>3.0002200000000001</grepb>
						<grepc>1.390209</grepc>
					</value0>
				</gaussianRepulsionParameters>
			</value>
		</value17>
		<value18>
			<key>34</key>
			<value>
				<uss>-49.811734700000002</uss>
				<upp>-38.047591099999998</upp>
				<udd>0</udd>
				<bs>-12.468517800000001</bs>
				<bp>-5.1744376000000001</bp>
				<bd>0</bd>
				<gss>10.3549483</gss>
				<gpp>7.3611316999999996</gpp>
				<gsp>5.2801359999999997</gsp>
				<gp2>6.1897283999999999</gp2>
				<hsp>0.59965599999999997</hsp>
				<zs>0.72429560000000004</zs>
				<zp>1.9267288</zp>
				<zd>0</zd>
				<zsn>0</zsn>
				<zpn>0</zpn>
				<zdn>0</zdn>
				<pcore>1.3139314</pcore>
				<f0sd>0</f0sd>
				<g2sd>0</g2sd>
				<alpha>2.3513155000000001</alpha>
				<gaussianRepulsionParameters size="dynamic">
					<value0>
						<grepa>-1.0001120999999999</grepa>
						<grepb>2.7043270000000001</grepb>
						<grepc>0.49937720000000002</grepc>
					</value0>
				</gaussianRepulsionParameters>
			</value>
		</value18>
		<value19>
			<key>35</key>
			<value>
				<uss>-99.9864405</uss>
				<upp>-75.671307499999998</upp>
				<udd>0</udd>
				<bs>-8.9171069999999997</bs>
				<bp>-9.94374</bp>
				<bd>0</bd>
				<gss>15.0364395</gss>
				<gpp>11.276325399999999</gpp>
				<gsp>13.034682399999999</gsp>
				<gp2>9.8544254999999996</gp2>
				<hsp>2.4558683000000001</hsp>
				<zs>3.8543018999999998</zs>
				<zp>2.1992091</zp>
				<zd>0</zd>
				<zsn>0</zsn>
				<zpn>0</zpn>
				<zdn>0</zdn>
				<pcore>0.90484796999999995</pcore>
				<f0sd>0</f0sd>
				<g2sd>0</g2sd>
				<alpha>2.4457051000000001</alpha>
				<gaussianRepulsionParameters size="dynamic"/>
			</value>
		</value19>
		<value20>
			<key>36</key>
			<value>
				<uss>9.7986936999999994</uss>
				<upp>-73.859566099999995</upp>
				<udd>0</udd>
				<bs>-1.2094707</bs>
				<bp>-8.4328271000000008</bp>
				<bd>0</bd>
				<gss>0.4994169</gss>
				<gpp>19.9987286</gpp>
				<gsp>9.5261258000000009</gsp>
				<gp2>11.198605199999999</gp2>
				<hsp>2.1818338000000002</hsp>
				<zs>3.5608621999999999</zs>
				<zp>1.9832061999999999</zp>
				<zd>0</zd>
				<zsn>0</zsn>
				<zpn>0</zpn>
				<zdn>0</zdn>
				<pcore>27.243154369999999</pcore>
				<f0sd>0</f0sd>
				<g2sd>0</g2sd>
				<alpha>1.7025435</alpha>
				<gaussianRepulsionParameters size="dynamic">
					<value0>
						<grepa>0.78043899999999999</grepa>
						<grepb>8.8371396999999998</grepb>
						<grepc>0.50004190000000004</grepc>
					</value0>
				</gaussianRepulsionParameters>
			</value>
		</value20>
		<value21>
			<key>37</key>
			<value>
				<uss>-4.3098070999999996</uss>
				<upp>-2.7381921</upp>
				<udd>0</udd>
				<bs>-2.2062173</bs>
				<bp>-6.2176391999999998</bp>
				<bd>0</bd>
				<gss>10.7409462</gss>
				<gpp>8.9878479999999996</gpp>
				<gsp>11.4853623</gsp>
				<gp2>7.7258367999999997</gp2>
				<hsp>0.19992940000000001</hsp>
				<zs>4.0001632000000003</zs>
				<zp>0.91874080000000002</zp>
				<zd>0</zd>
				<zsn>0</zsn>
				<zpn>0</zpn>
				<zdn>0</zdn>
				<pcore>1.2667125800000001</pcore>
				<f0sd>0</f0sd>
				<g2sd>0</g2sd>
				<alpha>0.9976197</alpha>
				<gaussianRepulsionParameters size="dynamic"/>
			</value>
		</value21>
		<value22>
			<key>38</key>
			<value>
				<uss>-10.8451287</uss>
				<upp>-8.3129820999999993</upp>
				<udd>0</udd>
				<bs>-9.9683426999999991</bs>
				<bp>-9.9946389999999994</bp>
				<bd>0</bd>
				<gss>4.9305519999999996</gss>
				<gpp>4.0178044999999996</gpp>
				<gsp>4.4249843000000002</gsp>
				<gp2>4.0335640000000001</gp2>
				<hsp>0.6272993</hsp>
				<zs>1.3729266</zs>
				<zp>1.1118128</zp>
				<zd>0</zd>
				<zsn>0</zsn>
				<zpn>0</zpn>
				<zdn>0</zdn>
				<pcore>2.7594662200000002</pcore>
				<f0sd>0</f0sd>
				<g2sd>0</g2sd>
				<alpha>0.50827029999999995</alpha>
				<gaussianRepulsionParameters size="dynamic"/>
			</value>
		</value22>
		<value23>
			<key>4</key>
			<value>
				<uss>-16.602378000000002</uss>
				<upp>-10.703771</upp>
				<udd>0</udd>
				<bs>-4.0170959999999996</bs>
				<bp>-4.0170959999999996</bp>
				<bd>0</bd>
				<gss>9</gss>
				<gpp>6.9699999999999998</gpp>
				<gsp>7.4299999999999997</gsp>
				<gp2>6.2199999999999998</gp2>
				<hsp>1.28</hsp>
				<zs>1.00421</zs>
				<zp>1.00421</zp>
				<zd>0</zd>
				<zsn>0</zsn>
				<zpn>0</zpn>
				<zdn>0</zdn>
				<pcore>1.51174352</pcore>
				<f0sd>0</f0sd>
				<g2sd>0</g2sd>
				<alpha>1.6694340000000001</alpha>
				<gaussianRepulsionParameters size="dynamic"/>
			</value>
		</value23>
		<value24>
			<key>49</key>
			<value>
				<uss>-28.0980892</uss>
				<upp>-19.2780588</upp>
				<udd>0</udd>
				<bs>-6.3107479</bs>
				<bp>-2.7025836999999999</bp>
				<bd>0</bd>
				<gss>9.4928793999999996</gss>
				<gpp>9.6640986000000009</gpp>
				<gsp>7.0094241000000004</gsp>
				<gp2>7.0100315000000002</gp2>
				<hsp>0.59958940000000005</hsp>
				<zs>1.7625740000000001</zs>
				<zp>1.8648962</zp>
				<zd>0</zd>
				<zsn>0</zsn>
				<zpn>0</zpn>
				<zdn>0</zdn>
				<pcore>1.4332523500000001</pcore>
				<f0sd>0</f0sd>
				<g2sd>0</g2sd>
				<alpha>2.3438756000000001</alpha>
				<gaussianRepulsionParameters size="dynamic">
					<value0>
						<grepa>0.92770240000000004</grepa>
						<grepb>0.99990009999999996</grepb>
						<grepc>1.1829905999999999</grepc>
					</value0>
				</gaussianRepulsionParameters>
			</value>
		</value24>
		<value25>
			<key>5</key>
			<value>
				<uss>-34.547130000000003</uss>
				<upp>-23.121690000000001</upp>
				<udd>0</udd>
				<bs>-8.2520539999999993</bs>
				<bp>-8.2520539999999993</bp>
				<bd>0</bd>
				<gss>10.59</gss>
				<gpp>8.8599999999999994</gpp>
				<gsp>9.5600000000000005</gsp>
				<gp2>7.8600000000000003</gp2>
				<hsp>1.8100000000000001</hsp>
				<zs>1.5068010000000001</zs>
				<zp>1.5068010000000001</zp>
				<zd>0</zd>
				<zsn>0</zsn>
				<zpn>0</zpn>
				<zdn>0</zdn>
				<pcore>1.28476787</pcore>
				<f0sd>0</f0sd>
				<g2sd>0</g2sd>
				<alpha>2.1349930000000001</alpha>
				<gaussianRepulsionParameters size="dynamic"/>
			</value>
		</value25>
		<value26>
			<key>50</key>
			<value>
				<uss>-40.851801999999999</uss>
				<upp>-28.560248999999999</upp>
				<udd>0</udd>
				<bs>-3.235147</bs>
				<bp>-4.2904159999999996</bp>
				<bd>0</bd>
				<gss>9.8000000000000007</gss>
				<gpp>7.2999999999999998</gpp>
				<gsp>8.3000000000000007</gsp>
				<gp2>6.5</gp2>
				<hsp>1.3</hsp>
				<zs>2.0803799999999999</zs>
				<zp>1.937106</zp>
				<zd>0</zd>
				<zsn>0</zsn>
				<zpn>0</zpn>
				<zdn>0</zdn>
				<pcore>1.38833589</pcore>
				<f0sd>0</f0sd>
				<g2sd>0</g2sd>
				<alpha>1.8008139999999999</alpha>
				<gaussianRepulsionParameters size="dynamic"/>
			</value>
		</value26>
		<value27>
			<key>51</key>
			<value>
				<uss>-42.0643435</uss>
				<upp>-35.062603099999997</upp>
				<udd>0</udd>
				<bs>-0.99997150000000001</bs>
				<bp>-4.0920176000000001</bp>
				<bd>0</bd>
				<gss>10.673930800000001</gss>
				<gpp>6.7446162000000003</gpp>
				<gsp>7.0477648000000004</gsp>
				<gp2>6.3408531000000004</gp2>
				<hsp>0.59975120000000004</hsp>
				<zs>3.6458835000000001</zs>
				<zp>1.9733156000000001</zp>
				<zd>0</zd>
				<zsn>0</zsn>
				<zpn>0</zpn>
				<zdn>0</zdn>
				<pcore>1.27466553</pcore>
				<f0sd>0</f0sd>
				<g2sd>0</g2sd>
				<alpha>1.9763402999999999</alpha>
				<gaussianRepulsionParameters size="dynamic">
					<value0>
						<grepa>-1.0003602</grepa>
						<grepb>0.99928810000000001</grepb>
						<grepc>0</grepc>
					</value0>
				</gaussianRepulsionParameters>
			</value>
		</value27>
		<value28>
			<key>52</key>
			<value>
				<uss>-84.227472199999994</uss>
				<upp>-46.533287100000003</upp>
				<udd>0</udd>
				<bs>-8.5622652000000006</bs>
				<bp>-2.6942963</bp>
				<bd>0</bd>
				<gss>5.1367706000000002</gss>
				<gpp>5.8447934000000004</gpp>
				<gsp>11.0720752</gsp>
				<gp2>5.0720495000000003</gp2>
				<hsp>0.59979939999999998</hsp>
				<zs>2.7461609</zs>
				<zp>1.6160376000000001</zp>
				<zd>0</zd>
				<zsn>0</zsn>
				<zpn>0</zpn>
				<zdn>0</zdn>
				<pcore>2.64868587</pcore>
				<f0sd>0</f0sd>
				<g2sd>0</g2sd>
				<alpha>2.2924145</alpha>
				<gaussianRepulsionParameters size="dynamic">
					<value0>
						<grepa>-0.60336809999999996</grepa>
						<grepb>1.4127316999999999</grepb>
						<grepc>0.49967549999999999</grepc>
					</value0>
				</gaussianRepulsionParameters>
			</value>
		</value28>
		<value29>
			<key>53</key>
			<value>
				<uss>-100.0030538</uss>
				<upp>-74.611469200000002</upp>
				<udd>0</udd>
				<bs>-7.4144509999999997</bs>
				<bp>-6.1967809999999997</bp>
				<bd>0</bd>
				<gss>15.0404486</gss>
				<gpp>11.1477837</gpp>
				<gsp>13.056558000000001</gsp>
				<gp2>9.9140906999999991</gp2>
				<hsp>2.4563820000000001</hsp>
				<zs>2.272961</zs>
				<zp>2.1694979999999999</zp>
				<zd>0</zd>
				<zsn>0</zsn>
				<zpn>0</zpn>
				<zdn>0</zdn>
				<pcore>0.90460677</pcore>
				<f0sd>0</f0sd>
				<g2sd>0</g2sd>
				<alpha>2.2073200000000002</alpha>
				<gaussianRepulsionParameters size="dynamic"/>
			</value>
		</value29>
		<value30>
			<key>54</key>
			<value>
				<uss>5.9205889000000003</uss>
				<upp>-86.982831500000003</upp>
				<udd>0</udd>
				<bs>-3.6048445</bs>
				<bp>-4.9673737999999998</bp>
				<bd>0</bd>
				<gss>2.1874755000000001</gss>
				<gpp>12.493918499999999</gpp>
				<gsp>4.9038680000000001</gsp>
				<gp2>14.952790200000001</gp2>
				<hsp>2.4768528000000001</hsp>
				<zs>4.9900791</zs>
				<zp>2.6929254999999999</zp>
				<zd>0</zd>
				<zsn>0</zsn>
				<zpn>0</zpn>
				<zdn>0</zdn>
				<pcore>6.2198144400000004</pcore>
				<f0sd>0</f0sd>
				<g2sd>0</g2sd>
				<alpha>1.7948554999999999</alpha>
				<gaussianRepulsionParameters size="dynamic">
					<value0>
						<grepa>-0.2455348</grepa>
						<grepb>2.0580083</grepb>
						<grepc>1.7173301000000001</grepc>
					</value0>
				</gaussianRepulsionParameters>
			</value>
		</value30>
		<value31>
			<key>55</key>
			<value>
				<uss>-3.2184078</uss>
				<upp>-1.7699113</upp>
				<udd>0</udd>
				<bs>-1.60436</bs>
				<bp>-4.2698039999999997</bp>
				<bd>0</bd>
				<gss>7.6447851</gss>
				<gpp>10.0000745</gpp>
				<gsp>3.0454989000000001</gsp>
				<gp2>6.1761092</gp2>
				<hsp>0.46478530000000001</hsp>
				<zs>6.0004169999999997</zs>
				<zp>0.89869160000000003</zp>
				<zd>0</zd>
				<zsn>0</zsn>
				<zpn>0</zpn>
				<zdn>0</zdn>
				<pcore>1.77973501</pcore>
				<f0sd>0</f0sd>
				<g2sd>0</g2sd>
				<alpha>0.49816460000000001</alpha>
				<gaussianRepulsionParameters size="dynamic"/>
			</value>
		</value31>
		<value32>
			<key>56</key>
			<value>
				<uss>-10.112534500000001</uss>
				<upp>-8.2347224000000008</upp>
				<udd>0</udd>
				<bs>-9.9994458999999996</bs>
				<bp>-9.6197254999999995</bp>
				<bd>0</bd>
				<gss>4.8486178000000004</gss>
				<gpp>5.0937707999999997</gpp>
				<gsp>4.5659982000000001</gsp>
				<gp2>5.2125823999999996</gp2>
				<hsp>0.52370819999999996</hsp>
				<zs>1.9765972999999999</zs>
				<zp>1.3157348</zp>
				<zd>0</zd>
				<zsn>0</zsn>
				<zpn>0</zpn>
				<zdn>0</zdn>
				<pcore>2.80609697</pcore>
				<f0sd>0</f0sd>
				<g2sd>0</g2sd>
				<alpha>0.85948400000000003</alpha>
				<gaussianRepulsionParameters size="dynamic"/>
			</value>
		</value32>
		<value33>
			<key>6</key>
			<value>
				<uss>-52.279744999999998</uss>
				<upp>-39.205558000000003</upp>
				<udd>0</udd>
				<bs>-18.985043999999998</bs>
				<bp>-7.9341220000000003</bp>
				<bd>0</bd>
				<gss>12.23</gss>
				<gpp>11.08</gpp>
				<gsp>11.470000000000001</gsp>
				<gp2>9.8399999999999999</gp2>
				<hsp>2.4300000000000002</hsp>
				<zs>1.7875369999999999</zs>
				<zp>1.7875369999999999</zp>
				<zd>0</zd>
				<zsn>0</zsn>
				<zpn>0</zpn>
				<zdn>0</zdn>
				<pcore>1.1124850100000001</pcore>
				<f0sd>0</f0sd>
				<g2sd>0</g2sd>
				<alpha>2.5463800000000001</alpha>
				<gaussianRepulsionParameters size="dynamic"/>
			</value>
		</value33>
		<value34>
			<key>7</key>
			<value>
				<uss>-71.932122000000007</uss>
				<upp>-57.172319000000002</upp>
				<udd>0</udd>
				<bs>-20.495757999999999</bs>
				<bp>-20.495757999999999</bp>
				<bd>0</bd>
				<gss>13.59</gss>
				<gpp>12.98</gpp>
				<gsp>12.66</gsp>
				<gp2>11.59</gp2>
				<hsp>3.1400000000000001</hsp>
				<zs>2.255614</zs>
				<zp>2.255614</zp>
				<zd>0</zd>
				<zsn>0</zsn>
				<zpn>0</zpn>
				<zdn>0</zdn>
				<pcore>1.0011546499999999</pcore>
				<f0sd>0</f0sd>
				<g2sd>0</g2sd>
				<alpha>2.8613420000000001</alpha>
				<gaussianRepulsionParameters size="dynamic"/>
			</value>
		</value34>
		<value35>
			<key>8</key>
			<value>
				<uss>-99.644309000000007</uss>
				<upp>-77.797471999999999</upp>
				<udd>0</udd>
				<bs>-32.688082000000001</bs>
				<bp>-32.688082000000001</bp>
				<bd>0</bd>
				<gss>15.42</gss>
				<gpp>14.52</gpp>
				<gsp>14.48</gsp>
				<gp2>12.98</gp2>
				<hsp>3.9399999999999999</hsp>
				<zs>2.6999050000000002</zs>
				<zp>2.6999050000000002</zp>
				<zd>0</zd>
				<zsn>0</zsn>
				<zpn>0</zpn>
				<zdn>0</zdn>
				<pcore>0.88234058000000004</pcore>
				<f0sd>0</f0sd>
				<g2sd>0</g2sd>
				<alpha>3.1606040000000002</alpha>
				<gaussianRepulsionParameters size="dynamic"/>
			</value>
		</value35>
		<value36>
			<key>80</key>
			<value>
				<uss>-19.809574000000001</uss>
				<upp>-13.10253</upp>
				<udd>0</udd>
				<bs>-0.40452500000000002</bs>
				<bp>-6.206683</bp>
				<bd>0</bd>
				<gss>10.800000000000001</gss>
				<gpp>14.300000000000001</gpp>
				<gsp>9.3000000000000007</gsp>
				<gp2>13.5</gp2>
				<hsp>1.3</hsp>
				<zs>2.2181839999999999</zs>
				<zp>2.0650379999999999</zp>
				<zd>0</zd>
				<zsn>0</zsn>
				<zpn>0</zpn>
				<zdn>0</zdn>
				<pcore>1.25978627</pcore>
				<f0sd>0</f0sd>
				<g2sd>0</g2sd>
				<alpha>1.3356410000000001</alpha>
				<gaussianRepulsionParameters size="dynamic"/>
			</value>
		</value36>
		<value37>
			<key>81</key>
			<value>
				<uss>-29.700965499999999</uss>
				<upp>-29.593753899999999</upp>
				<udd>0</udd>
				<bs>-4.9667441999999999</bs>
				<bp>-7.7616059999999996</bp>
				<bd>0</bd>
				<gss>8.8675336999999992</gss>
				<gpp>10.6532769</gpp>
				<gsp>12.114829</gsp>
				<gp2>13.5333191</gp2>
				<hsp>0.59975650000000003</hsp>
				<zs>4.0000447000000001</zs>
				<zp>1.8076331999999999</zp>
				<zd>0</zd>
				<zsn>0</zsn>
				<zpn>0</zpn>
				<zdn>0</zdn>
				<pcore>1.5343264700000001</pcore>
				<f0sd>0</f0sd>
				<g2sd>0</g2sd>
				<alpha>1.3116968</alpha>
				<gaussianRepulsionParameters size="dynamic">
					<value0>
						<grepa>-0.79407269999999996</grepa>
						<grepb>0.9999962</grepb>
						<grepc>0.49997320000000001</grepc>
					</value0>
				</gaussianRepulsionParameters>
			</value>
		</value37>
		<value38>
			<key>82</key>
			<value>
				<uss>-47.319692000000003</uss>
				<upp>-28.847560000000001</upp>
				<udd>0</udd>
				<bs>-8.0423869999999997</bs>
				<bp>-3</bp>
				<bd>0</bd>
				<gss>9.8000000000000007</gss>
				<gpp>7.2999999999999998</gpp>
				<gsp>8.3000000000000007</gsp>
				<gp2>6.5</gp2>
				<hsp>1.3</hsp>
				<zs>2.4982859999999998</zs>
				<zp>2.082071</zp>
				<zd>0</zd>
				<zsn>0</zsn>
				<zpn>0</zpn>
				<zdn>0</zdn>
				<pcore>1.38833589</pcore>
				<f0sd>0</f0sd>
				<g2sd>0</g2sd>
				<alpha>1.7283329999999999</alpha>
				<gaussianRepulsionParameters size="dynamic"/>
			</value>
		</value38>
		<value39>
			<key>83</key>
			<value>
				<uss>-53.582714699999997</uss>
				<upp>-39.4572213</upp>
				<udd>0</udd>
				<bs>-9.0000248999999997</bs>
				<bp>-1.9830269</bp>
				<bd>0</bd>
				<gss>8.3702778000000002</gss>
				<gpp>9.8303165000000003</gpp>
				<gsp>7.7974667999999996</gsp>
				<gp2>8.9291354999999992</gp2>
				<hsp>0.59999080000000005</hsp>
				<zs>2.6772255</zs>
				<zp>0.69368640000000004</zp>
				<zd>0</zd>
				<zsn>0</zsn>
				<zpn>0</zpn>
				<zdn>0</zdn>
				<pcore>1.62547672</pcore>
				<f0sd>0</f0sd>
				<g2sd>0</g2sd>
				<alpha>5.7660628000000003</alpha>
				<gaussianRepulsionParameters size="dynamic">
					<value0>
						<grepa>-0.1281535</grepa>
						<grepb>3.0003210999999999</grepb>
						<grepc>1.7993215</grepc>
					</value0>
				</gaussianRepulsionParameters>
			</value>
		</value39>
		<value40>
			<key>9</key>
			<value>
				<uss>-131.07154800000001</uss>
				<upp>-105.78213700000001</upp>
				<udd>0</udd>
				<bs>-48.290466000000002</bs>
				<bp>-36.508540000000004</bp>
				<bd>0</bd>
				<gss>16.920000000000002</gss>
				<gpp>16.710000000000001</gpp>
				<gsp>17.25</gsp>
				<gp2>14.91</gp2>
				<hsp>4.8300000000000001</hsp>
				<zs>2.848487</zs>
				<zp>2.848487</zp>
				<zd>0</zd>
				<zsn>0</zsn>
				<zpn>0</zpn>
				<zdn>0</zdn>
				<pcore>0.80411889000000003</pcore>
				<f0sd>0</f0sd>
				<g2sd>0</g2sd>
				<alpha>3.4196605999999998</alpha>
				<gaussianRepulsionParameters size="dynamic"/>
			</value>
		</value40>
	</value0>
	<value1 size="dynamic"/>
</cereal>

