<?xml version="1.0" encoding="utf-8"?>
<!--
	Parameters of the PM3 method
	============================

	File created by F. Bosia and J. P. Unsleber on Feb 15, 2019,
	based on output by MOPAC2016.

	Description of the parameters, with, in parenthesis,
	corresponding name in MOPAC output

	- uss (USS) one-center energy for s orbital (eV)
	- upp (UPP) one-center energy for p orbital (eV)
	- udd (UDD) one-center energy for d orbital (eV)
	- zs (ZS) orbital exponent for s (bohr-1)
	- zp (ZP) orbital exponent for p (bohr-1)
	- zd (ZD) orbital exponent for d (bohr-1)
	- bs (BETAS) beta parameter for s (eV)
	- bp (BETAP) beta parameter for p (eV)
	- bd (BETAD) beta parameter for d (eV)
	- gss (GSS) one-center Coulomb integral s-s (eV)
	- gpp (GPP) one-center Coulomb integral p-p (eV)
	- gsp (GSP) one-center Coulomb integral s-p (eV)
	- gp2 (GP2) one-center Coulomb integral p-p' (eV)
	- hsp (HSP) one-center exchange integral s-p (eV)
	- zsn (ZSN) internal exponent for s, needed for SC parameters (bohr-1)
	- zpn (ZPN) internal exponent for p, needed for SC parameters (bohr-1)
	- zdn (ZDN) internal exponent for d, needed for SC parameters (bohr-1)
	- pcore (PO9) Klopman-Ohno term for the core-core repulsion, sometimes unequal to pss0
	- f0sd (F0SD) Slater-Condon parameter F0sd (eV)
	- g2sd (G2SD) Slater-Condon parameter G2sd (eV)
	- grepa (FN11) gaussian repulsion parameter a (-)
	- grepb (FN21) gaussian repulsion parameter b (A^-2)
	- grepc (FN31) gaussian repulsion parameter c (A)

The diatomic parameters are not needed for the AM1 method, and the diatomic map is empty:
	- exponent (ALPB) (A^-1)
	- factor (XFAC) (-)

The following is still not understood (alpha not a parameter but given for some elements) or not needed (eHeat, eisol):
	- alpha (ALP) ALPHA PARAMETER FOR CORE (1/A)

The following are not needed anymore as they are calculated during the initialization if needed:
	- charge (CORE) core charge of atom (e)
	- f0dd (F0DD) Slater-Condon parameter F0dd (eV)
	- f2dd (F2DD) Slater-Condon parameter F2dd (eV)
	- f4dd (F4DD) Slater-Condon parameter F4dd (eV)
	- f0pd (F0PD) Slater-Condon parameter F0pd (eV)
	- f2pd (F2PD) Slater-Condon parameter F3pd (eV)
	- g1pd (G1PD) Slater-Condon parameter G1pd (eV)
	- g3pd (G3PD) Slater-Condon parameter G3pd (eV)
	- dsp1 (DD2) Charge separation in multipole, for sp1 (bohr)
	- dpp2 (DD3) Charge separation in multipole, for pp2 (bohr)
	- dsd2 (DD4) Charge separation in multipole, for sd2 (bohr)
	- dpd1 (DD5) Charge separation in multipole, for pd1 (bohr)
	- ddd2 (DD6) Charge separation in multipole, for dd2 (bohr)
	- pss0 (PO1) Klopman-Ohno term for ss0 (bohr)
	- psp1 (PO2) Klopman-Ohno term for sp1 (bohr)
	- ppp2 (PO3) Klopman-Ohno term for pp2 (bohr)
	- psd2 (PO4) Klopman-Ohno term for sd2 (bohr)
	- ppd1 (PO5) Klopman-Ohno term for pd1 (bohr)
	- pdd2 (PO6) Klopman-Ohno term for dd2 (bohr)
	- ppp0 (PO7) Klopman-Ohno term for pp0 (bohr)
	- pdd0 (PO8) Klopman-Ohno term for dd0 (bohr)

 -->
<cereal>
	<value0 size="dynamic">
		<value0>
			<key>1</key>
			<value>
				<uss>-13.073321</uss>
				<upp>0</upp>
				<udd>0</udd>
				<bs>-5.626512</bs>
				<bp>0</bp>
				<bd>0</bd>
				<gss>14.794207999999999</gss>
				<gpp>0</gpp>
				<gsp>0</gsp>
				<gp2>0</gp2>
				<hsp>0</hsp>
				<zs>0.96780699999999997</zs>
				<zp>0</zp>
				<zd>0</zd>
				<zsn>0</zsn>
				<zpn>0</zpn>
				<zdn>0</zdn>
				<pcore>0.91966340000000002</pcore>
				<f0sd>0</f0sd>
				<g2sd>0</g2sd>
				<alpha>3.3563860000000001</alpha>
				<gaussianRepulsionParameters size="dynamic">
					<value0>
						<grepa>1.1287499999999999</grepa>
						<grepb>5.0962820000000004</grepb>
						<grepc>1.5374650000000001</grepc>
					</value0>
					<value1>
						<grepa>-1.0603290000000001</grepa>
						<grepb>6.0037880000000001</grepb>
						<grepc>1.5701890000000001</grepc>
					</value1>
				</gaussianRepulsionParameters>
			</value>
		</value0>
		<value1>
			<key>10</key>
			<value>
				<uss>9.6554736000000005</uss>
				<upp>-71.146647400000006</upp>
				<udd>0</udd>
				<bs>-0.1512657</bs>
				<bp>-23.8470187</bp>
				<bd>0</bd>
				<gss>0.49893739999999998</gss>
				<gpp>18.944997600000001</gpp>
				<gsp>10.1592044</gsp>
				<gp2>8.5648589000000008</gp2>
				<hsp>0.29999910000000002</hsp>
				<zs>5.9998744999999998</zs>
				<zp>4.1752599999999997</zp>
				<zd>0</zd>
				<zsn>0</zsn>
				<zpn>0</zpn>
				<zdn>0</zdn>
				<pcore>27.269336190000001</pcore>
				<f0sd>0</f0sd>
				<g2sd>0</g2sd>
				<alpha>2.5377255000000001</alpha>
				<gaussianRepulsionParameters size="dynamic">
					<value0>
						<grepa>0.2352109</grepa>
						<grepb>8.8116606999999991</grepb>
						<grepc>1.0927884000000001</grepc>
					</value0>
				</gaussianRepulsionParameters>
			</value>
		</value1>
		<value2>
			<key>11</key>
			<value>
				<uss>-5.0140593999999998</uss>
				<upp>-2.9252300999999998</upp>
				<udd>0</udd>
				<bs>-3.9486341</bs>
				<bp>-4.2401809000000004</bp>
				<bd>0</bd>
				<gss>5.7975247000000003</gss>
				<gpp>1.2247903</gpp>
				<gsp>10.0000062</gsp>
				<gp2>0.99964969999999997</gp2>
				<hsp>0.39993630000000002</hsp>
				<zs>2.6618938000000001</zs>
				<zp>0.88374249999999999</zp>
				<zd>0</zd>
				<zsn>0</zsn>
				<zpn>0</zpn>
				<zdn>0</zdn>
				<pcore>2.3468104799999998</pcore>
				<f0sd>0</f0sd>
				<g2sd>0</g2sd>
				<alpha>0.91091770000000005</alpha>
				<gaussianRepulsionParameters size="dynamic"/>
			</value>
		</value2>
		<value3>
			<key>12</key>
			<value>
				<uss>-14.623688</uss>
				<upp>-14.17346</upp>
				<udd>0</udd>
				<bs>-2.0716909999999999</bs>
				<bp>-0.569581</bp>
				<bd>0</bd>
				<gss>6.6943000000000001</gss>
				<gpp>6.9104460000000003</gpp>
				<gsp>6.7939949999999998</gsp>
				<gp2>7.0908230000000003</gp2>
				<hsp>0.54330000000000001</hsp>
				<zs>0.69855199999999995</zs>
				<zp>1.4834529999999999</zp>
				<zd>0</zd>
				<zsn>0</zsn>
				<zpn>0</zpn>
				<zdn>0</zdn>
				<pcore>2.0324293400000002</pcore>
				<f0sd>0</f0sd>
				<g2sd>0</g2sd>
				<alpha>1.3291470000000001</alpha>
				<gaussianRepulsionParameters size="dynamic">
					<value0>
						<grepa>2.1170499999999999</grepa>
						<grepb>6.0094770000000004</grepb>
						<grepc>2.084406</grepc>
					</value0>
					<value1>
						<grepa>-2.5477669999999999</grepa>
						<grepb>4.3953699999999998</grepb>
						<grepc>2.0636739999999998</grepc>
					</value1>
				</gaussianRepulsionParameters>
			</value>
		</value3>
		<value4>
			<key>13</key>
			<value>
				<uss>-24.845403999999998</uss>
				<upp>-22.264158999999999</upp>
				<udd>0</udd>
				<bs>-0.59430099999999997</bs>
				<bp>-0.95655000000000001</bp>
				<bd>0</bd>
				<gss>5.7767369999999998</gss>
				<gpp>6.3477899999999998</gpp>
				<gsp>11.659856</gsp>
				<gp2>6.1210769999999997</gp2>
				<hsp>4.0062449999999998</hsp>
				<zs>1.702888</zs>
				<zp>1.0736289999999999</zp>
				<zd>0</zd>
				<zsn>0</zsn>
				<zpn>0</zpn>
				<zdn>0</zdn>
				<pcore>2.35525552</pcore>
				<f0sd>0</f0sd>
				<g2sd>0</g2sd>
				<alpha>1.521703</alpha>
				<gaussianRepulsionParameters size="dynamic">
					<value0>
						<grepa>-0.47309000000000001</grepa>
						<grepb>1.9158249999999999</grepb>
						<grepc>1.4517279999999999</grepc>
					</value0>
					<value1>
						<grepa>-0.15405099999999999</grepa>
						<grepb>6.0050860000000004</grepb>
						<grepc>2.519997</grepc>
					</value1>
				</gaussianRepulsionParameters>
			</value>
		</value4>
		<value5>
			<key>14</key>
			<value>
				<uss>-26.763483000000001</uss>
				<upp>-22.813635000000001</upp>
				<udd>0</udd>
				<bs>-2.8621449999999999</bs>
				<bp>-3.9331480000000001</bp>
				<bd>0</bd>
				<gss>5.0471959999999996</gss>
				<gpp>6.7593670000000001</gpp>
				<gsp>5.9490569999999998</gsp>
				<gp2>5.1612970000000002</gp2>
				<hsp>0.91983199999999998</hsp>
				<zs>1.6350750000000001</zs>
				<zp>1.313088</zp>
				<zd>0</zd>
				<zsn>0</zsn>
				<zpn>0</zpn>
				<zdn>0</zdn>
				<pcore>2.6956931499999999</pcore>
				<f0sd>0</f0sd>
				<g2sd>0</g2sd>
				<alpha>2.1358090000000001</alpha>
				<gaussianRepulsionParameters size="dynamic">
					<value0>
						<grepa>-0.3906</grepa>
						<grepb>6.0000540000000004</grepb>
						<grepc>0.63226199999999999</grepc>
					</value0>
					<value1>
						<grepa>0.057258999999999997</grepa>
						<grepb>6.0071830000000004</grepb>
						<grepc>2.019987</grepc>
					</value1>
				</gaussianRepulsionParameters>
			</value>
		</value5>
		<value6>
			<key>15</key>
			<value>
				<uss>-40.413096000000003</uss>
				<upp>-29.593052</upp>
				<udd>0</udd>
				<bs>-12.615879</bs>
				<bp>-4.1600400000000004</bp>
				<bd>0</bd>
				<gss>7.801615</gss>
				<gpp>6.6184779999999996</gpp>
				<gsp>5.1869490000000003</gsp>
				<gp2>6.0620019999999997</gp2>
				<hsp>1.5428090000000001</hsp>
				<zs>2.017563</zs>
				<zp>1.504732</zp>
				<zd>0</zd>
				<zsn>0</zsn>
				<zpn>0</zpn>
				<zdn>0</zdn>
				<pcore>1.7439583599999999</pcore>
				<f0sd>0</f0sd>
				<g2sd>0</g2sd>
				<alpha>1.940534</alpha>
				<gaussianRepulsionParameters size="dynamic">
					<value0>
						<grepa>-0.61142099999999999</grepa>
						<grepb>1.9972719999999999</grepb>
						<grepc>0.794624</grepc>
					</value0>
					<value1>
						<grepa>-0.093935000000000005</grepa>
						<grepb>1.9983599999999999</grepb>
						<grepc>1.910677</grepc>
					</value1>
				</gaussianRepulsionParameters>
			</value>
		</value6>
		<value7>
			<key>16</key>
			<value>
				<uss>-49.895370999999997</uss>
				<upp>-44.392583000000002</upp>
				<udd>0</udd>
				<bs>-8.8274650000000001</bs>
				<bp>-8.0914149999999996</bp>
				<bd>0</bd>
				<gss>8.9646670000000004</gss>
				<gpp>9.9681639999999998</gpp>
				<gsp>6.7859360000000004</gsp>
				<gp2>7.9702469999999996</gp2>
				<hsp>4.041836</hsp>
				<zs>1.8911849999999999</zs>
				<zp>1.6589719999999999</zp>
				<zd>0</zd>
				<zsn>0</zsn>
				<zpn>0</zpn>
				<zdn>0</zdn>
				<pcore>1.5177018499999999</pcore>
				<f0sd>0</f0sd>
				<g2sd>0</g2sd>
				<alpha>2.2697059999999998</alpha>
				<gaussianRepulsionParameters size="dynamic">
					<value0>
						<grepa>-0.39919100000000002</grepa>
						<grepb>6.0006690000000003</grepb>
						<grepc>0.96212299999999995</grepc>
					</value0>
					<value1>
						<grepa>-0.054899000000000003</grepa>
						<grepb>6.0018450000000003</grepb>
						<grepc>1.579944</grepc>
					</value1>
				</gaussianRepulsionParameters>
			</value>
		</value7>
		<value8>
			<key>17</key>
			<value>
				<uss>-100.62674699999999</uss>
				<upp>-53.614395999999999</upp>
				<udd>0</udd>
				<bs>-27.528559999999999</bs>
				<bp>-11.593921999999999</bp>
				<bd>0</bd>
				<gss>16.013601000000001</gss>
				<gpp>7.5222150000000001</gpp>
				<gsp>8.0481149999999992</gsp>
				<gp2>7.5041539999999998</gp2>
				<hsp>3.4811529999999999</hsp>
				<zs>2.24621</zs>
				<zp>2.1510099999999999</zp>
				<zd>0</zd>
				<zsn>0</zsn>
				<zpn>0</zpn>
				<zdn>0</zdn>
				<pcore>0.84963348999999999</pcore>
				<f0sd>0</f0sd>
				<g2sd>0</g2sd>
				<alpha>2.517296</alpha>
				<gaussianRepulsionParameters size="dynamic">
					<value0>
						<grepa>-0.17159099999999999</grepa>
						<grepb>6.0008020000000002</grepb>
						<grepc>1.087502</grepc>
					</value0>
					<value1>
						<grepa>-0.013457999999999999</grepa>
						<grepb>1.966618</grepb>
						<grepc>2.292891</grepc>
					</value1>
				</gaussianRepulsionParameters>
			</value>
		</value8>
		<value9>
			<key>18</key>
			<value>
				<uss>4.2759913000000003</uss>
				<upp>-75.100410400000001</upp>
				<udd>0</udd>
				<bs>-2.4320045000000001</bs>
				<bp>-22.985693699999999</bp>
				<bd>0</bd>
				<gss>3.2377414</gss>
				<gpp>19.998464599999998</gpp>
				<gsp>16.357396900000001</gsp>
				<gp2>10.9343238</gp2>
				<hsp>0.81691510000000001</hsp>
				<zs>0.98216970000000003</zs>
				<zp>5.9997150000000001</zp>
				<zd>0</zd>
				<zsn>0</zsn>
				<zpn>0</zpn>
				<zdn>0</zdn>
				<pcore>4.2022169199999997</pcore>
				<f0sd>0</f0sd>
				<g2sd>0</g2sd>
				<alpha>2.2113323999999999</alpha>
				<gaussianRepulsionParameters size="dynamic">
					<value0>
						<grepa>-0.73765029999999998</grepa>
						<grepb>3.8882542999999998</grepb>
						<grepc>0.71506650000000005</grepc>
					</value0>
				</gaussianRepulsionParameters>
			</value>
		</value9>
		<value10>
			<key>19</key>
			<value>
				<uss>-4.2596474999999998</uss>
				<upp>-2.6425087</upp>
				<udd>0</udd>
				<bs>-0.42503859999999999</bs>
				<bp>-3.1998137</bp>
				<bd>0</bd>
				<gss>6.7788310999999997</gss>
				<gpp>3.4963514</gpp>
				<gsp>9.3472796000000002</gsp>
				<gp2>2.7416795</gp2>
				<hsp>1.6592458000000001</hsp>
				<zs>0.81016869999999996</zs>
				<zp>0.95783419999999997</zp>
				<zd>0</zd>
				<zsn>0</zsn>
				<zpn>0</zpn>
				<zdn>0</zdn>
				<pcore>2.00708522</pcore>
				<f0sd>0</f0sd>
				<g2sd>0</g2sd>
				<alpha>0.72521579999999997</alpha>
				<gaussianRepulsionParameters size="dynamic"/>
			</value>
		</value10>
		<value11>
			<key>2</key>
			<value>
				<uss>-35.493116999999998</uss>
				<upp>9.9998433000000002</upp>
				<udd>0</udd>
				<bs>-17.554501999999999</bs>
				<bp>-26.052606399999998</bp>
				<bd>0</bd>
				<gss>8.0590135000000007</gss>
				<gpp>19.384333900000001</gpp>
				<gsp>11.015222899999999</gsp>
				<gp2>11.3517224</gp2>
				<hsp>0.5321205</hsp>
				<zs>1.7710760999999999</zs>
				<zp>6.9018258000000001</zp>
				<zd>0</zd>
				<zsn>0</zsn>
				<zpn>0</zpn>
				<zdn>0</zdn>
				<pcore>1.68825771</pcore>
				<f0sd>0</f0sd>
				<g2sd>0</g2sd>
				<alpha>5.7813930999999998</alpha>
				<gaussianRepulsionParameters size="dynamic">
					<value0>
						<grepa>0.19859760000000001</grepa>
						<grepb>1.0009593000000001</grepb>
						<grepc>0.50315089999999996</grepc>
					</value0>
				</gaussianRepulsionParameters>
			</value>
		</value11>
		<value12>
			<key>20</key>
			<value>
				<uss>-11.9608156</uss>
				<upp>-8.6350859</upp>
				<udd>0</udd>
				<bs>-0.98682709999999996</bs>
				<bp>-3.9684267000000002</bp>
				<bd>0</bd>
				<gss>5.971991</gss>
				<gpp>3.7214896999999998</gpp>
				<gsp>4.9607780000000004</gsp>
				<gp2>3.7116498999999998</gp2>
				<hsp>0.79281500000000005</hsp>
				<zs>1.2087414999999999</zs>
				<zp>0.94093700000000002</zp>
				<zd>0</zd>
				<zsn>0</zsn>
				<zpn>0</zpn>
				<zdn>0</zdn>
				<pcore>2.2782505400000002</pcore>
				<f0sd>0</f0sd>
				<g2sd>0</g2sd>
				<alpha>0.4999979</alpha>
				<gaussianRepulsionParameters size="dynamic"/>
			</value>
		</value12>
		<value13>
			<key>3</key>
			<value>
				<uss>-5.2999999999999998</uss>
				<upp>-3.3999999999999999</upp>
				<udd>0</udd>
				<bs>-0.55000000000000004</bs>
				<bp>-1.5</bp>
				<bd>0</bd>
				<gss>4.5</gss>
				<gpp>5.25</gpp>
				<gsp>3</gsp>
				<gp2>4.5</gp2>
				<hsp>0.14999999999999999</hsp>
				<zs>0.65000000000000002</zs>
				<zp>0.75</zp>
				<zd>0</zd>
				<zsn>0</zsn>
				<zpn>0</zpn>
				<zdn>0</zdn>
				<pcore>3.02348704</pcore>
				<f0sd>0</f0sd>
				<g2sd>0</g2sd>
				<alpha>1.2549999999999999</alpha>
				<gaussianRepulsionParameters size="dynamic">
					<value0>
						<grepa>-0.45000000000000001</grepa>
						<grepb>5</grepb>
						<grepc>1</grepc>
					</value0>
					<value1>
						<grepa>0.80000000000000004</grepa>
						<grepb>6.5</grepb>
						<grepc>1</grepc>
					</value1>
				</gaussianRepulsionParameters>
			</value>
		</value13>
		<value14>
			<key>30</key>
			<value>
				<uss>-18.532198000000001</uss>
				<upp>-11.047409</upp>
				<udd>0</udd>
				<bs>-0.71557800000000005</bs>
				<bp>-6.351864</bp>
				<bd>0</bd>
				<gss>9.6771960000000004</gss>
				<gpp>4.9801739999999999</gpp>
				<gsp>7.7362039999999999</gsp>
				<gp2>4.6696559999999998</gp2>
				<hsp>0.60041299999999997</hsp>
				<zs>1.8199890000000001</zs>
				<zp>1.5069220000000001</zp>
				<zd>0</zd>
				<zsn>0</zsn>
				<zpn>0</zpn>
				<zdn>0</zdn>
				<pcore>1.4059539299999999</pcore>
				<f0sd>0</f0sd>
				<g2sd>0</g2sd>
				<alpha>1.3501259999999999</alpha>
				<gaussianRepulsionParameters size="dynamic">
					<value0>
						<grepa>-0.111234</grepa>
						<grepb>6.0014779999999996</grepb>
						<grepc>1.516032</grepc>
					</value0>
					<value1>
						<grepa>-0.13236999999999999</grepa>
						<grepb>1.9958389999999999</grepb>
						<grepc>2.5196420000000002</grepc>
					</value1>
				</gaussianRepulsionParameters>
			</value>
		</value14>
		<value15>
			<key>31</key>
			<value>
				<uss>-29.855592999999999</uss>
				<upp>-21.875371000000001</upp>
				<udd>0</udd>
				<bs>-4.9456179999999996</bs>
				<bp>-0.407053</bp>
				<bd>0</bd>
				<gss>8.4585539999999995</gss>
				<gpp>5.0868549999999999</gpp>
				<gsp>8.9256189999999993</gsp>
				<gp2>4.9830449999999997</gp2>
				<hsp>2.0512600000000001</hsp>
				<zs>1.84704</zs>
				<zp>0.83941100000000002</zp>
				<zd>0</zd>
				<zsn>0</zsn>
				<zpn>0</zpn>
				<zdn>0</zdn>
				<pcore>1.60851272</pcore>
				<f0sd>0</f0sd>
				<g2sd>0</g2sd>
				<alpha>1.6051150000000001</alpha>
				<gaussianRepulsionParameters size="dynamic">
					<value0>
						<grepa>-0.56017899999999998</grepa>
						<grepb>5.6232730000000002</grepb>
						<grepc>1.5317799999999999</grepc>
					</value0>
					<value1>
						<grepa>-0.272731</grepa>
						<grepb>1.991843</grepb>
						<grepc>2.1838639999999998</grepc>
					</value1>
				</gaussianRepulsionParameters>
			</value>
		</value15>
		<value16>
			<key>32</key>
			<value>
				<uss>-35.467195500000003</uss>
				<upp>-31.586358300000001</upp>
				<udd>0</udd>
				<bs>-5.3250023999999998</bs>
				<bp>-2.2501566999999998</bp>
				<bd>0</bd>
				<gss>5.3769634999999996</gss>
				<gpp>7.6718647000000004</gpp>
				<gsp>10.2095293</gsp>
				<gp2>6.9242663000000002</gp2>
				<hsp>1.3370204000000001</hsp>
				<zs>2.2373525999999999</zs>
				<zp>1.5924319</zp>
				<zd>0</zd>
				<zsn>0</zsn>
				<zpn>0</zpn>
				<zdn>0</zdn>
				<pcore>2.5303671300000001</pcore>
				<f0sd>0</f0sd>
				<g2sd>0</g2sd>
				<alpha>1.972337</alpha>
				<gaussianRepulsionParameters size="dynamic">
					<value0>
						<grepa>0.96317260000000005</grepa>
						<grepb>6.0120133999999998</grepb>
						<grepc>2.1633654999999998</grepc>
					</value0>
					<value1>
						<grepa>-0.95938909999999999</grepa>
						<grepb>5.7491801999999996</grepb>
						<grepc>2.1693723999999999</grepc>
					</value1>
				</gaussianRepulsionParameters>
			</value>
		</value16>
		<value17>
			<key>33</key>
			<value>
				<uss>-38.507424</uss>
				<upp>-35.152414999999998</upp>
				<udd>0</udd>
				<bs>-8.2321650000000002</bs>
				<bp>-5.0173860000000001</bp>
				<bd>0</bd>
				<gss>8.7890010000000007</gss>
				<gpp>8.2872500000000002</gpp>
				<gsp>5.397983</gsp>
				<gp2>8.2103459999999995</gp2>
				<hsp>1.9510339999999999</hsp>
				<zs>2.636177</zs>
				<zp>1.703889</zp>
				<zd>0</zd>
				<zsn>0</zsn>
				<zpn>0</zpn>
				<zdn>0</zdn>
				<pcore>1.5480362000000001</pcore>
				<f0sd>0</f0sd>
				<g2sd>0</g2sd>
				<alpha>1.7944770000000001</alpha>
				<gaussianRepulsionParameters size="dynamic">
					<value0>
						<grepa>-0.46009499999999998</grepa>
						<grepb>1.983115</grepb>
						<grepc>1.0867929999999999</grepc>
					</value0>
					<value1>
						<grepa>-0.088996000000000006</grepa>
						<grepb>1.992944</grepb>
						<grepc>2.1400579999999998</grepc>
					</value1>
				</gaussianRepulsionParameters>
			</value>
		</value17>
		<value18>
			<key>34</key>
			<value>
				<uss>-55.378135</uss>
				<upp>-49.823076</upp>
				<udd>0</udd>
				<bs>-6.1578220000000004</bs>
				<bp>-5.4930389999999996</bp>
				<bd>0</bd>
				<gss>7.4325910000000004</gss>
				<gpp>9.5683260000000008</gpp>
				<gsp>10.060461</gsp>
				<gp2>7.7242889999999997</gp2>
				<hsp>4.0165579999999999</hsp>
				<zs>2.8280509999999999</zs>
				<zp>1.7325360000000001</zp>
				<zd>0</zd>
				<zsn>0</zsn>
				<zpn>0</zpn>
				<zdn>0</zdn>
				<pcore>1.8305449199999999</pcore>
				<f0sd>0</f0sd>
				<g2sd>0</g2sd>
				<alpha>3.0439569999999998</alpha>
				<gaussianRepulsionParameters size="dynamic">
					<value0>
						<grepa>0.047872999999999999</grepa>
						<grepb>6.0073999999999996</grepb>
						<grepc>2.0817169999999998</grepc>
					</value0>
					<value1>
						<grepa>0.11472</grepa>
						<grepb>6.0086719999999998</grepb>
						<grepc>1.5164230000000001</grepc>
					</value1>
				</gaussianRepulsionParameters>
			</value>
		</value18>
		<value19>
			<key>35</key>
			<value>
				<uss>-116.619311</uss>
				<upp>-74.227129000000005</upp>
				<udd>0</udd>
				<bs>-31.171341999999999</bs>
				<bp>-6.8140130000000001</bp>
				<bd>0</bd>
				<gss>15.943425</gss>
				<gpp>8.2827629999999992</gpp>
				<gsp>16.061679999999999</gsp>
				<gp2>7.8168490000000004</gp2>
				<hsp>0.57886899999999997</hsp>
				<zs>5.3484569999999998</zs>
				<zp>2.1275900000000001</zp>
				<zd>0</zd>
				<zsn>0</zsn>
				<zpn>0</zpn>
				<zdn>0</zdn>
				<pcore>0.85337320999999999</pcore>
				<f0sd>0</f0sd>
				<g2sd>0</g2sd>
				<alpha>2.5118420000000001</alpha>
				<gaussianRepulsionParameters size="dynamic">
					<value0>
						<grepa>0.96045800000000003</grepa>
						<grepb>5.9765079999999999</grepb>
						<grepc>2.3216540000000001</grepc>
					</value0>
					<value1>
						<grepa>-0.95491599999999999</grepa>
						<grepb>5.9447029999999996</grepb>
						<grepc>2.3281420000000002</grepc>
					</value1>
				</gaussianRepulsionParameters>
			</value>
		</value19>
		<value20>
			<key>36</key>
			<value>
				<uss>9.7986936999999994</uss>
				<upp>-73.859566099999995</upp>
				<udd>0</udd>
				<bs>-1.2094707</bs>
				<bp>-8.4328271000000008</bp>
				<bd>0</bd>
				<gss>0.4994169</gss>
				<gpp>19.9987286</gpp>
				<gsp>9.5261258000000009</gsp>
				<gp2>11.198605199999999</gp2>
				<hsp>2.1818338000000002</hsp>
				<zs>3.5608621999999999</zs>
				<zp>1.9832061999999999</zp>
				<zd>0</zd>
				<zsn>0</zsn>
				<zpn>0</zpn>
				<zdn>0</zdn>
				<pcore>27.243154369999999</pcore>
				<f0sd>0</f0sd>
				<g2sd>0</g2sd>
				<alpha>1.7025435</alpha>
				<gaussianRepulsionParameters size="dynamic">
					<value0>
						<grepa>0.78043899999999999</grepa>
						<grepb>8.8371396999999998</grepb>
						<grepc>0.50004190000000004</grepc>
					</value0>
				</gaussianRepulsionParameters>
			</value>
		</value20>
		<value21>
			<key>37</key>
			<value>
				<uss>-4.5920538999999998</uss>
				<upp>-3.0119210999999999</upp>
				<udd>0</udd>
				<bs>-12.089466</bs>
				<bp>-1.9999267999999999</bp>
				<bd>0</bd>
				<gss>9.2757213000000007</gss>
				<gpp>13.3694136</gpp>
				<gsp>20.000003700000001</gsp>
				<gp2>19.000003499999998</gp2>
				<hsp>4.9987145999999996</hsp>
				<zs>4.0000415</zs>
				<zp>1.0134590000000001</zp>
				<zd>0</zd>
				<zsn>0</zsn>
				<zpn>0</zpn>
				<zdn>0</zdn>
				<pcore>1.4668068700000001</pcore>
				<f0sd>0</f0sd>
				<g2sd>0</g2sd>
				<alpha>0.99853239999999999</alpha>
				<gaussianRepulsionParameters size="dynamic"/>
			</value>
		</value21>
		<value22>
			<key>38</key>
			<value>
				<uss>-10.9183439</uss>
				<upp>-7.9835222999999997</upp>
				<udd>0</udd>
				<bs>-10.000007099999999</bs>
				<bp>-5.6755392000000002</bp>
				<bd>0</bd>
				<gss>5.0361465000000001</gss>
				<gpp>3.1533139000000001</gpp>
				<gsp>3.9284010999999999</gsp>
				<gp2>3.2457311999999998</gp2>
				<hsp>0.7596212</hsp>
				<zs>1.2794532000000001</zs>
				<zp>1.3912500000000001</zp>
				<zd>0</zd>
				<zsn>0</zsn>
				<zpn>0</zpn>
				<zdn>0</zdn>
				<pcore>2.7016076099999999</pcore>
				<f0sd>0</f0sd>
				<g2sd>0</g2sd>
				<alpha>1.6467554</alpha>
				<gaussianRepulsionParameters size="dynamic"/>
			</value>
		</value22>
		<value23>
			<key>4</key>
			<value>
				<uss>-17.264752000000001</uss>
				<upp>-11.304243</upp>
				<udd>0</udd>
				<bs>-3.962053</bs>
				<bp>-2.7806839999999999</bp>
				<bd>0</bd>
				<gss>9.0128509999999995</gss>
				<gpp>6.0571820000000001</gpp>
				<gsp>6.5761989999999999</gsp>
				<gp2>9.0052190000000003</gp2>
				<hsp>0.54467900000000002</hsp>
				<zs>0.87743899999999997</zs>
				<zp>1.5087550000000001</zp>
				<zd>0</zd>
				<zsn>0</zsn>
				<zpn>0</zpn>
				<zdn>0</zdn>
				<pcore>1.5095879999999999</pcore>
				<f0sd>0</f0sd>
				<g2sd>0</g2sd>
				<alpha>1.5935360000000001</alpha>
				<gaussianRepulsionParameters size="dynamic">
					<value0>
						<grepa>1.631572</grepa>
						<grepb>2.6729620000000001</grepb>
						<grepc>1.7916859999999999</grepc>
					</value0>
					<value1>
						<grepa>-2.1109589999999998</grepa>
						<grepb>1.968594</grepb>
						<grepc>1.755871</grepc>
					</value1>
				</gaussianRepulsionParameters>
			</value>
		</value23>
		<value24>
			<key>48</key>
			<value>
				<uss>-15.828583999999999</uss>
				<upp>8.7497950000000007</upp>
				<udd>0</udd>
				<bs>-8.581944</bs>
				<bp>-0.60103399999999996</bp>
				<bd>0</bd>
				<gss>9.2069600000000005</gss>
				<gpp>4.9481039999999998</gpp>
				<gsp>8.2315389999999997</gsp>
				<gp2>4.6696559999999998</gp2>
				<hsp>1.656234</hsp>
				<zs>1.679351</zs>
				<zp>2.0664120000000001</zp>
				<zd>0</zd>
				<zsn>0</zsn>
				<zpn>0</zpn>
				<zdn>0</zdn>
				<pcore>1.47776157</pcore>
				<f0sd>0</f0sd>
				<g2sd>0</g2sd>
				<alpha>1.525382</alpha>
				<gaussianRepulsionParameters size="dynamic"/>
			</value>
		</value24>
		<value25>
			<key>49</key>
			<value>
				<uss>-26.176205</uss>
				<upp>-20.005821999999998</upp>
				<udd>0</udd>
				<bs>-2.9933190000000001</bs>
				<bp>-1.828908</bp>
				<bd>0</bd>
				<gss>6.5548999999999999</gss>
				<gpp>6.2992689999999998</gpp>
				<gsp>8.2298729999999995</gsp>
				<gp2>4.9842110000000002</gp2>
				<hsp>2.6314609999999998</hsp>
				<zs>2.0161159999999998</zs>
				<zp>1.4453499999999999</zp>
				<zd>0</zd>
				<zsn>0</zsn>
				<zpn>0</zpn>
				<zdn>0</zdn>
				<pcore>2.0756520599999999</pcore>
				<f0sd>0</f0sd>
				<g2sd>0</g2sd>
				<alpha>1.418385</alpha>
				<gaussianRepulsionParameters size="dynamic">
					<value0>
						<grepa>-0.343138</grepa>
						<grepb>1.9940340000000001</grepb>
						<grepc>1.625516</grepc>
					</value0>
					<value1>
						<grepa>-0.109532</grepa>
						<grepb>5.683217</grepb>
						<grepc>2.8670089999999999</grepc>
					</value1>
				</gaussianRepulsionParameters>
			</value>
		</value25>
		<value26>
			<key>5</key>
			<value>
				<uss>-50.477682899999998</uss>
				<upp>-37.411983499999998</upp>
				<udd>0</udd>
				<bs>-10.5497263</bs>
				<bp>-3.9995953000000002</bp>
				<bd>0</bd>
				<gss>18.278279600000001</gss>
				<gpp>12.315858199999999</gpp>
				<gsp>15.3330673</gsp>
				<gp2>11.1785351</gp2>
				<hsp>0.59978849999999995</hsp>
				<zs>1.5312596999999999</zs>
				<zp>1.1434597</zp>
				<zd>0</zd>
				<zsn>0</zsn>
				<zpn>0</zpn>
				<zdn>0</zdn>
				<pcore>0.74436391000000002</pcore>
				<f0sd>0</f0sd>
				<g2sd>0</g2sd>
				<alpha>2.2104162999999999</alpha>
				<gaussianRepulsionParameters size="dynamic">
					<value0>
						<grepa>-0.35184070000000001</grepa>
						<grepb>3.0008621</grepb>
						<grepc>0.82411760000000001</grepc>
					</value0>
				</gaussianRepulsionParameters>
			</value>
		</value26>
		<value27>
			<key>50</key>
			<value>
				<uss>-34.550192000000003</uss>
				<upp>-25.894418999999999</upp>
				<udd>0</udd>
				<bs>-2.7858019999999999</bs>
				<bp>-2.0059990000000001</bp>
				<bd>0</bd>
				<gss>10.190033</gss>
				<gpp>5.6738099999999996</gpp>
				<gsp>7.2353269999999998</gsp>
				<gp2>5.1822140000000001</gp2>
				<hsp>1.0331570000000001</hsp>
				<zs>2.3733279999999999</zs>
				<zp>1.6382330000000001</zp>
				<zd>0</zd>
				<zsn>0</zsn>
				<zpn>0</zpn>
				<zdn>0</zdn>
				<pcore>1.33519604</pcore>
				<f0sd>0</f0sd>
				<g2sd>0</g2sd>
				<alpha>1.6996500000000001</alpha>
				<gaussianRepulsionParameters size="dynamic">
					<value0>
						<grepa>-0.15035299999999999</grepa>
						<grepb>6.0056940000000001</grepb>
						<grepc>1.704642</grepc>
					</value0>
					<value1>
						<grepa>-0.044416999999999998</grepa>
						<grepb>2.2573810000000001</grepb>
						<grepc>2.4698690000000001</grepc>
					</value1>
				</gaussianRepulsionParameters>
			</value>
		</value27>
		<value28>
			<key>51</key>
			<value>
				<uss>-56.432195999999998</uss>
				<upp>-29.434954000000001</upp>
				<udd>0</udd>
				<bs>-14.794217</bs>
				<bp>-2.8179479999999999</bp>
				<bd>0</bd>
				<gss>9.2382770000000001</gss>
				<gpp>6.3499999999999996</gpp>
				<gsp>5.2776800000000001</gsp>
				<gp2>6.25</gp2>
				<hsp>2.424464</hsp>
				<zs>2.3430390000000001</zs>
				<zp>1.8999919999999999</zp>
				<zd>0</zd>
				<zsn>0</zsn>
				<zpn>0</zpn>
				<zdn>0</zdn>
				<pcore>1.47275208</pcore>
				<f0sd>0</f0sd>
				<g2sd>0</g2sd>
				<alpha>2.0343010000000001</alpha>
				<gaussianRepulsionParameters size="dynamic">
					<value0>
						<grepa>3.0020280000000001</grepa>
						<grepb>6.0053419999999997</grepb>
						<grepc>0.85306000000000004</grepc>
					</value0>
					<value1>
						<grepa>-0.018891999999999999</grepa>
						<grepb>6.0114780000000003</grepb>
						<grepc>2.7933110000000001</grepc>
					</value1>
				</gaussianRepulsionParameters>
			</value>
		</value28>
		<value29>
			<key>52</key>
			<value>
				<uss>-44.938035999999997</uss>
				<upp>-46.314098999999999</upp>
				<udd>0</udd>
				<bs>-2.665146</bs>
				<bp>-3.8954300000000002</bp>
				<bd>0</bd>
				<gss>10.255072999999999</gss>
				<gpp>7.7775920000000003</gpp>
				<gsp>8.1691450000000003</gsp>
				<gp2>7.7551209999999999</gp2>
				<hsp>3.772462</hsp>
				<zs>4.1654920000000004</zs>
				<zp>1.6475550000000001</zp>
				<zd>0</zd>
				<zsn>0</zsn>
				<zpn>0</zpn>
				<zdn>0</zdn>
				<pcore>1.3267279199999999</pcore>
				<f0sd>0</f0sd>
				<g2sd>0</g2sd>
				<alpha>2.4850189999999999</alpha>
				<gaussianRepulsionParameters size="dynamic">
					<value0>
						<grepa>0.033390999999999997</grepa>
						<grepb>5.9563790000000001</grepb>
						<grepc>2.2775750000000001</grepc>
					</value0>
					<value1>
						<grepa>-1.921867</grepa>
						<grepb>4.9732190000000003</grepb>
						<grepc>0.52424300000000001</grepc>
					</value1>
				</gaussianRepulsionParameters>
			</value>
		</value29>
		<value30>
			<key>53</key>
			<value>
				<uss>-96.454037</uss>
				<upp>-61.091582000000002</upp>
				<udd>0</udd>
				<bs>-14.494234000000001</bs>
				<bp>-5.8947029999999998</bp>
				<bd>0</bd>
				<gss>13.631943</gss>
				<gpp>7.2883300000000002</gpp>
				<gsp>14.990406</gsp>
				<gp2>5.9664070000000002</gp2>
				<hsp>2.6300349999999999</hsp>
				<zs>7.0010130000000004</zs>
				<zp>2.4543539999999999</zp>
				<zd>0</zd>
				<zsn>0</zsn>
				<zpn>0</zpn>
				<zdn>0</zdn>
				<pcore>0.99807427999999998</pcore>
				<f0sd>0</f0sd>
				<g2sd>0</g2sd>
				<alpha>1.9901850000000001</alpha>
				<gaussianRepulsionParameters size="dynamic">
					<value0>
						<grepa>-0.13148099999999999</grepa>
						<grepb>5.2064170000000001</grepb>
						<grepc>1.7488239999999999</grepc>
					</value0>
					<value1>
						<grepa>-0.036896999999999999</grepa>
						<grepb>6.0101170000000002</grepb>
						<grepc>2.7103730000000001</grepc>
					</value1>
				</gaussianRepulsionParameters>
			</value>
		</value30>
		<value31>
			<key>54</key>
			<value>
				<uss>5.9205889000000003</uss>
				<upp>-86.982831500000003</upp>
				<udd>0</udd>
				<bs>-3.6048445</bs>
				<bp>-4.9673737999999998</bp>
				<bd>0</bd>
				<gss>2.1874755000000001</gss>
				<gpp>12.493918499999999</gpp>
				<gsp>4.9038680000000001</gsp>
				<gp2>14.952790200000001</gp2>
				<hsp>2.4768528000000001</hsp>
				<zs>4.9900791</zs>
				<zp>2.6929254999999999</zp>
				<zd>0</zd>
				<zsn>0</zsn>
				<zpn>0</zpn>
				<zdn>0</zdn>
				<pcore>6.2198144400000004</pcore>
				<f0sd>0</f0sd>
				<g2sd>0</g2sd>
				<alpha>1.7948554999999999</alpha>
				<gaussianRepulsionParameters size="dynamic">
					<value0>
						<grepa>-0.2455348</grepa>
						<grepb>2.0580083</grepb>
						<grepc>1.7173301000000001</grepc>
					</value0>
				</gaussianRepulsionParameters>
			</value>
		</value31>
		<value32>
			<key>55</key>
			<value>
				<uss>-3.2036563999999998</uss>
				<upp>-1.7451970000000001</upp>
				<udd>0</udd>
				<bs>-0.60287610000000003</bs>
				<bp>-5.9386090999999999</bp>
				<bd>0</bd>
				<gss>2.1605658000000001</gss>
				<gpp>5.4140484000000004</gpp>
				<gsp>4.1667497999999998</gsp>
				<gp2>6.2904939000000004</gp2>
				<hsp>0.39955610000000003</hsp>
				<zs>3.5960298000000002</zs>
				<zp>0.92551680000000003</zp>
				<zd>0</zd>
				<zsn>0</zsn>
				<zpn>0</zpn>
				<zdn>0</zdn>
				<pcore>6.2972818000000004</pcore>
				<f0sd>0</f0sd>
				<g2sd>0</g2sd>
				<alpha>0.52383360000000001</alpha>
				<gaussianRepulsionParameters size="dynamic"/>
			</value>
		</value32>
		<value33>
			<key>56</key>
			<value>
				<uss>-10.102810099999999</uss>
				<upp>-6.6743838000000002</upp>
				<udd>0</udd>
				<bs>-10.0000046</bs>
				<bp>-10.0000103</bp>
				<bd>0</bd>
				<gss>4.8372406999999997</gss>
				<gpp>2.1243276</gpp>
				<gsp>3.1942225</gsp>
				<gp2>2.2153939999999999</gp2>
				<hsp>0.39992420000000001</hsp>
				<zs>1.9258219000000001</zs>
				<zp>1.4519911999999999</zp>
				<zd>0</zd>
				<zsn>0</zsn>
				<zpn>0</zpn>
				<zdn>0</zdn>
				<pcore>2.81269685</pcore>
				<f0sd>0</f0sd>
				<g2sd>0</g2sd>
				<alpha>0.49999660000000001</alpha>
				<gaussianRepulsionParameters size="dynamic"/>
			</value>
		</value33>
		<value34>
			<key>6</key>
			<value>
				<uss>-47.270319999999998</uss>
				<upp>-36.266917999999997</upp>
				<udd>0</udd>
				<bs>-11.910015</bs>
				<bp>-9.8027549999999994</bp>
				<bd>0</bd>
				<gss>11.200708000000001</gss>
				<gpp>10.796291999999999</gpp>
				<gsp>10.265027</gsp>
				<gp2>9.0425660000000008</gp2>
				<hsp>2.2909799999999998</hsp>
				<zs>1.5650850000000001</zs>
				<zp>1.8423449999999999</zp>
				<zd>0</zd>
				<zsn>0</zsn>
				<zpn>0</zpn>
				<zdn>0</zdn>
				<pcore>1.21471711</pcore>
				<f0sd>0</f0sd>
				<g2sd>0</g2sd>
				<alpha>2.7078069999999999</alpha>
				<gaussianRepulsionParameters size="dynamic">
					<value0>
						<grepa>0.050106999999999999</grepa>
						<grepb>6.0031650000000001</grepb>
						<grepc>1.6422140000000001</grepc>
					</value0>
					<value1>
						<grepa>0.050733</grepa>
						<grepb>6.0029789999999998</grepb>
						<grepc>0.89248799999999995</grepc>
					</value1>
				</gaussianRepulsionParameters>
			</value>
		</value34>
		<value35>
			<key>7</key>
			<value>
				<uss>-49.335672000000002</uss>
				<upp>-47.509735999999997</upp>
				<udd>0</udd>
				<bs>-14.062521</bs>
				<bp>-20.043848000000001</bp>
				<bd>0</bd>
				<gss>11.904787000000001</gss>
				<gpp>11.754671999999999</gpp>
				<gsp>7.3485649999999998</gsp>
				<gp2>10.807276999999999</gp2>
				<hsp>1.1367130000000001</hsp>
				<zs>2.0280939999999998</zs>
				<zp>2.3137279999999998</zp>
				<zd>0</zd>
				<zsn>0</zsn>
				<zpn>0</zpn>
				<zdn>0</zdn>
				<pcore>1.1428756900000001</pcore>
				<f0sd>0</f0sd>
				<g2sd>0</g2sd>
				<alpha>2.8305449999999999</alpha>
				<gaussianRepulsionParameters size="dynamic">
					<value0>
						<grepa>1.501674</grepa>
						<grepb>5.9011480000000001</grepb>
						<grepc>1.7107399999999999</grepc>
					</value0>
					<value1>
						<grepa>-1.5057720000000001</grepa>
						<grepb>6.0046580000000001</grepb>
						<grepc>1.7161489999999999</grepc>
					</value1>
				</gaussianRepulsionParameters>
			</value>
		</value35>
		<value36>
			<key>8</key>
			<value>
				<uss>-86.993002000000004</uss>
				<upp>-71.879580000000004</upp>
				<udd>0</udd>
				<bs>-45.202651000000003</bs>
				<bp>-24.752514999999999</bp>
				<bd>0</bd>
				<gss>15.75576</gss>
				<gpp>13.654016</gpp>
				<gsp>10.62116</gsp>
				<gp2>12.406095000000001</gp2>
				<hsp>0.59388300000000005</hsp>
				<zs>3.7965439999999999</zs>
				<zp>2.389402</zp>
				<zd>0</zd>
				<zsn>0</zsn>
				<zpn>0</zpn>
				<zdn>0</zdn>
				<pcore>0.86353762999999994</pcore>
				<f0sd>0</f0sd>
				<g2sd>0</g2sd>
				<alpha>3.2171020000000001</alpha>
				<gaussianRepulsionParameters size="dynamic">
					<value0>
						<grepa>-1.1311279999999999</grepa>
						<grepb>6.0024769999999998</grepb>
						<grepc>1.6073109999999999</grepc>
					</value0>
					<value1>
						<grepa>1.137891</grepa>
						<grepb>5.9505119999999998</grepb>
						<grepc>1.598395</grepc>
					</value1>
				</gaussianRepulsionParameters>
			</value>
		</value36>
		<value37>
			<key>80</key>
			<value>
				<uss>-17.762229000000001</uss>
				<upp>-18.330750999999999</upp>
				<udd>0</udd>
				<bs>-3.1013649999999999</bs>
				<bp>-3.4640309999999999</bp>
				<bd>0</bd>
				<gss>6.6247199999999999</gss>
				<gpp>14.709282999999999</gpp>
				<gsp>10.639296999999999</gsp>
				<gp2>16.00074</gp2>
				<hsp>2.036311</hsp>
				<zs>1.476885</zs>
				<zp>2.4799509999999998</zp>
				<zd>0</zd>
				<zsn>0</zsn>
				<zpn>0</zpn>
				<zdn>0</zdn>
				<pcore>2.0537761099999998</pcore>
				<f0sd>0</f0sd>
				<g2sd>0</g2sd>
				<alpha>1.529377</alpha>
				<gaussianRepulsionParameters size="dynamic">
					<value0>
						<grepa>1.0827199999999999</grepa>
						<grepb>6.4965979999999997</grepb>
						<grepc>1.195146</grepc>
					</value0>
					<value1>
						<grepa>-0.096553</grepa>
						<grepb>3.9262809999999999</grepb>
						<grepc>2.6271599999999999</grepc>
					</value1>
				</gaussianRepulsionParameters>
			</value>
		</value37>
		<value38>
			<key>81</key>
			<value>
				<uss>-30.053170000000001</uss>
				<upp>-26.920636999999999</upp>
				<udd>0</udd>
				<bs>-1.084495</bs>
				<bp>-7.9467990000000004</bp>
				<bd>0</bd>
				<gss>10.460412</gss>
				<gpp>4.9927849999999996</gpp>
				<gsp>11.223883000000001</gsp>
				<gp2>8.9627269999999992</gp2>
				<hsp>2.5304060000000002</hsp>
				<zs>6.8679209999999999</zs>
				<zp>1.9694449999999999</zp>
				<zd>0</zd>
				<zsn>0</zsn>
				<zpn>0</zpn>
				<zdn>0</zdn>
				<pcore>1.3006841099999999</pcore>
				<f0sd>0</f0sd>
				<g2sd>0</g2sd>
				<alpha>1.340951</alpha>
				<gaussianRepulsionParameters size="dynamic">
					<value0>
						<grepa>-1.361399</grepa>
						<grepb>3.557226</grepb>
						<grepc>1.0928020000000001</grepc>
					</value0>
					<value1>
						<grepa>-0.045400999999999997</grepa>
						<grepb>2.3069950000000001</grepb>
						<grepc>2.9650289999999999</grepc>
					</value1>
				</gaussianRepulsionParameters>
			</value>
		</value38>
		<value39>
			<key>82</key>
			<value>
				<uss>-30.322755999999998</uss>
				<upp>-24.425833999999998</upp>
				<udd>0</udd>
				<bs>-6.1260240000000001</bs>
				<bp>-1.3954299999999999</bp>
				<bd>0</bd>
				<gss>7.0119920000000002</gss>
				<gpp>5.1837799999999996</gpp>
				<gsp>6.7937820000000002</gsp>
				<gp2>5.0456510000000003</gp2>
				<hsp>1.5663020000000001</hsp>
				<zs>3.141289</zs>
				<zp>1.8924179999999999</zp>
				<zd>0</zd>
				<zsn>0</zsn>
				<zpn>0</zpn>
				<zdn>0</zdn>
				<pcore>1.9403461500000001</pcore>
				<f0sd>0</f0sd>
				<g2sd>0</g2sd>
				<alpha>1.620045</alpha>
				<gaussianRepulsionParameters size="dynamic">
					<value0>
						<grepa>-0.122576</grepa>
						<grepb>6.0030619999999999</grepb>
						<grepc>1.901597</grepc>
					</value0>
					<value1>
						<grepa>-0.056647999999999997</grepa>
						<grepb>4.7437050000000003</grepb>
						<grepc>2.8618790000000001</grepc>
					</value1>
				</gaussianRepulsionParameters>
			</value>
		</value39>
		<value40>
			<key>83</key>
			<value>
				<uss>-33.495938000000002</uss>
				<upp>-35.521025999999999</upp>
				<udd>0</udd>
				<bs>-5.6072829999999998</bs>
				<bp>-5.8001519999999998</bp>
				<bd>0</bd>
				<gss>4.9894800000000004</gss>
				<gpp>8.6960069999999998</gpp>
				<gsp>6.1033080000000002</gsp>
				<gp2>8.3354470000000003</gp2>
				<hsp>0.59912200000000004</hsp>
				<zs>4.9164510000000003</zs>
				<zp>1.9349350000000001</zp>
				<zd>0</zd>
				<zsn>0</zsn>
				<zpn>0</zpn>
				<zdn>0</zdn>
				<pcore>2.72687569</pcore>
				<f0sd>0</f0sd>
				<g2sd>0</g2sd>
				<alpha>1.8574310000000001</alpha>
				<gaussianRepulsionParameters size="dynamic">
					<value0>
						<grepa>2.581693</grepa>
						<grepb>5.0940219999999998</grepb>
						<grepc>0.49978699999999998</grepc>
					</value0>
					<value1>
						<grepa>0.060319999999999999</grepa>
						<grepb>6.001538</grepb>
						<grepc>2.4279700000000002</grepc>
					</value1>
				</gaussianRepulsionParameters>
			</value>
		</value40>
		<value41>
			<key>9</key>
			<value>
				<uss>-110.435303</uss>
				<upp>-105.685047</upp>
				<udd>0</udd>
				<bs>-48.405938999999996</bs>
				<bp>-27.74466</bp>
				<bd>0</bd>
				<gss>10.496667</gss>
				<gpp>14.817256</gpp>
				<gsp>16.073689000000002</gsp>
				<gp2>14.418393</gp2>
				<hsp>0.72776300000000005</hsp>
				<zs>4.7085549999999996</zs>
				<zp>2.4911780000000001</zp>
				<zd>0</zd>
				<zsn>0</zsn>
				<zpn>0</zpn>
				<zdn>0</zdn>
				<pcore>1.2961916099999999</pcore>
				<f0sd>0</f0sd>
				<g2sd>0</g2sd>
				<alpha>3.358921</alpha>
				<gaussianRepulsionParameters size="dynamic">
					<value0>
						<grepa>-0.012166</grepa>
						<grepb>6.023574</grepb>
						<grepc>1.856859</grepc>
					</value0>
					<value1>
						<grepa>-0.0028519999999999999</grepa>
						<grepb>6.003717</grepb>
						<grepc>2.636158</grepc>
					</value1>
				</gaussianRepulsionParameters>
			</value>
		</value41>
	</value0>
	<value1 size="dynamic"/>
</cereal>

